{ "results": [
	{
        "bcryptPassword": "$2a$10$p87kVI/b3nN/GJ15jigwgOaGOR3wI7DROuog9RBPP5gGmWpxBxo1S",
        "createdAt": "2015-11-19T20:16:49.762Z",
        "email": "aaa@example.com",
        "objectId": "0PIoTFJGPi",
        "phone": "650-555-0001",
        "sessionToken": "TE8uTJafsYPCCaoAkgzzj8eEe",
        "updatedAt": "2015-11-19T20:16:49.762Z",
        "username": "aaa"
    },
	{
        "bcryptPassword": "$2a$10$PlwwNaJ0bEpOuToLRhqkgOnkqLaMIZC/Mlah8yg4Xd5jd/v/I1Zpa",
        "createdAt": "2015-11-19T20:06:59.277Z",
        "email": "email2@example.com",
        "objectId": "4DJoN0Yvjq",
        "phone": "650-555-0001",
        "sessionToken": "f0Wd9Fpwx4rDrbx7j9PQKbtUA",
        "updatedAt": "2015-11-19T20:06:59.277Z",
        "username": "my name2"
    },
	{
        "bcryptPassword": "$2a$10$1lSTytFLrIj5EpIHBneMre.RssmA.F/gE/LuPTYxDHuRGni0fRuBK",
        "createdAt": "2015-11-21T18:58:51.380Z",
        "email": "test@example.com",
        "objectId": "afubZFRRYZ",
        "phone": "650-555-0003",
        "sessionToken": "iamTKuGHAslTqvNmleaXyVBSe",
        "updatedAt": "2015-11-21T18:58:51.380Z",
        "username": "test"
    },
	{
        "bcryptPassword": "$2a$10$nvzeD6WzEzLp34TW6e4Gsu3q0FFzUrAJhgF3ar91.hO2GqXvF7rmC",
        "createdAt": "2015-11-19T18:41:06.253Z",
        "email": "email@example.com",
        "objectId": "wRsv4ndKro",
        "phone": "650-555-0000",
        "sessionToken": "u3TSQQ5WteQlkw2KBnsjexMrN",
        "updatedAt": "2015-11-19T18:41:06.253Z",
        "username": "my name"
    }
] }