{ "results": [
	{
        "createdAt": "2015-11-19T21:00:25.582Z",
        "description": "Any work which is planned as part of development of your project, either as result of bug, or issue or requirements, including requirement analysis or development, or testing. etc.",
        "name": "task",
        "objectId": "BF9vwxbpbi",
        "updatedAt": "2015-11-19T21:00:37.580Z"
    },
	{
        "createdAt": "2015-11-19T20:59:02.080Z",
        "description": "Any problem in existing functionality, or missing functionality. Defect in code or requirement, error which is not designed to be",
        "name": "bug",
        "objectId": "PCKKwx934E",
        "updatedAt": "2015-11-19T21:00:00.163Z"
    },
	{
        "createdAt": "2015-11-19T21:01:52.229Z",
        "description": "Enhances an existing feature",
        "name": "enhancement",
        "objectId": "VsSkgspocE",
        "updatedAt": "2015-11-19T21:02:10.572Z"
    },
	{
        "createdAt": "2015-11-19T21:01:11.161Z",
        "description": "Request for a new feature",
        "name": "proposal",
        "objectId": "X310Lt1xdJ",
        "updatedAt": "2015-11-19T21:01:33.574Z"
    }
] }