{ "results": [
	{
        "createdAt": "2015-11-19T21:15:35.330Z",
        "first_name": "Clint",
        "last_name": "Sean",
        "objectId": "0XgTnIoOhu",
        "position": "Product Owner",
        "updatedAt": "2015-11-19T21:16:06.235Z"
    },
	{
        "createdAt": "2015-11-19T21:14:25.037Z",
        "first_name": "Robert",
        "last_name": "Duval",
        "objectId": "Adjs0hFWQg",
        "position": "Developer",
        "updatedAt": "2015-11-19T21:14:35.397Z"
    },
	{
        "createdAt": "2015-11-19T21:14:50.941Z",
        "first_name": "David",
        "last_name": "Bowe",
        "objectId": "IEM0bYWvrV",
        "position": "Sys Admin",
        "updatedAt": "2015-11-19T21:15:02.898Z"
    },
	{
        "createdAt": "2015-11-19T21:11:26.484Z",
        "first_name": "John",
        "last_name": "Smith",
        "objectId": "huidfrC0nS",
        "position": "Developer",
        "updatedAt": "2015-11-19T21:13:56.994Z"
    },
	{
        "createdAt": "2015-11-19T21:16:29.750Z",
        "first_name": "Clara",
        "last_name": "Wail",
        "objectId": "nRMGnQbYCV",
        "position": "Reporter",
        "updatedAt": "2015-11-19T21:16:56.196Z"
    },
	{
        "createdAt": "2015-11-19T21:17:25.809Z",
        "first_name": "Ted",
        "last_name": "Malone",
        "objectId": "w4wUNuQa4y",
        "position": "Manager",
        "updatedAt": "2015-11-19T21:17:44.929Z"
    }
] }