{ "results": [
	{
        "assignee_id": {
            "__type": "Pointer",
            "className": "Employee",
            "objectId": "huidfrC0nS"
        },
        "assigneeid": "huidfrC0nS",
        "category_id": {
            "__type": "Pointer",
            "className": "Category",
            "objectId": "BF9vwxbpbi"
        },
        "categoryid": "BF9vwxbpbi",
        "createdAt": "2015-11-22T00:36:09.056Z",
        "creator_id": null,
        "description": "Create post request for issues",
        "estimation": 3,
        "objectId": "6EnhtgQuFd",
        "priority": "medium",
        "remaining": 2,
        "spent": 1,
        "status": "finished",
        "title": "Fifth issue",
        "updatedAt": "2015-11-23T20:29:12.343Z"
    },
	{
        "assignee_id": {
            "__type": "Pointer",
            "className": "Employee",
            "objectId": "w4wUNuQa4y"
        },
        "assigneeid": "w4wUNuQa4y",
        "category_id": {
            "__type": "Pointer",
            "className": "Category",
            "objectId": "PCKKwx934E"
        },
        "categoryid": "PCKKwx934E",
        "createdAt": "2015-11-25T08:29:07.971Z",
        "creator_id": null,
        "description": "Lorem ipsum",
        "estimation": 11,
        "objectId": "A54YfJPCGC",
        "priority": "medium",
        "remaining": null,
        "spent": null,
        "status": "new",
        "title": "17 Issue",
        "updatedAt": "2015-11-25T08:29:07.971Z"
    },
	{
        "assignee_id": {
            "__type": "Pointer",
            "className": "Employee",
            "objectId": "huidfrC0nS"
        },
        "assigneeid": "huidfrC0nS",
        "category_id": {
            "__type": "Pointer",
            "className": "Category",
            "objectId": "X310Lt1xdJ"
        },
        "categoryid": "X310Lt1xdJ",
        "createdAt": "2015-11-22T22:05:26.985Z",
        "creator_id": null,
        "description": "\u003cul\u003e\u003cli\u003elorem\u003c/li\u003e\u003cli\u003eipsum\u003c/li\u003e\u003cli\u003eipsum\u003c/li\u003e\u003c/ul\u003e",
        "estimation": 5,
        "objectId": "BFIaxUBj9X",
        "priority": "low",
        "remaining": 4,
        "spent": 1,
        "status": "new",
        "title": "6 Issue",
        "updatedAt": "2015-11-23T19:34:05.961Z"
    },
	{
        "assignee_id": {
            "__type": "Pointer",
            "className": "Employee",
            "objectId": "Adjs0hFWQg"
        },
        "assigneeid": "Adjs0hFWQg",
        "category_id": {
            "__type": "Pointer",
            "className": "Category",
            "objectId": "BF9vwxbpbi"
        },
        "categoryid": "BF9vwxbpbi",
        "createdAt": "2015-11-21T19:52:18.474Z",
        "creator_id": null,
        "description": "Create post request for issuesvxcvxc",
        "estimation": 6,
        "objectId": "Bmoz4qvGbP",
        "priority": "medium",
        "remaining": 0,
        "spent": 10,
        "status": "finished",
        "title": "Second issue",
        "updatedAt": "2015-11-26T13:24:35.656Z"
    },
	{
        "assignee_id": {
            "__type": "Pointer",
            "className": "Employee",
            "objectId": "0XgTnIoOhu"
        },
        "assigneeid": "0XgTnIoOhu",
        "category_id": {
            "__type": "Pointer",
            "className": "Category",
            "objectId": "X310Lt1xdJ"
        },
        "categoryid": "X310Lt1xdJ",
        "createdAt": "2015-11-24T08:33:44.025Z",
        "creator_id": null,
        "description": "Test...",
        "estimation": 13,
        "objectId": "HjlWqgjSmf",
        "priority": "low",
        "remaining": null,
        "spent": null,
        "status": "new",
        "title": "11 Issue",
        "updatedAt": "2015-11-24T17:30:19.964Z"
    },
	{
        "assignee_id": {
            "__type": "Pointer",
            "className": "Employee",
            "objectId": "huidfrC0nS"
        },
        "assigneeid": "huidfrC0nS",
        "category_id": {
            "__type": "Pointer",
            "className": "Category",
            "objectId": "PCKKwx934E"
        },
        "categoryid": "PCKKwx934E",
        "createdAt": "2015-11-22T11:51:37.139Z",
        "creator_id": null,
        "description": "Create post request for issues",
        "estimation": 5,
        "objectId": "Jyo7N0sWox",
        "priority": "high",
        "remaining": null,
        "spent": null,
        "status": "new",
        "title": "Fifth issue",
        "updatedAt": "2015-11-23T12:32:16.866Z"
    },
	{
        "assignee_id": {
            "__type": "Pointer",
            "className": "Employee",
            "objectId": "huidfrC0nS"
        },
        "assigneeid": "huidfrC0nS",
        "category_id": {
            "__type": "Pointer",
            "className": "Category",
            "objectId": "BF9vwxbpbi"
        },
        "categoryid": "BF9vwxbpbi",
        "createdAt": "2015-11-22T00:35:46.570Z",
        "creator_id": null,
        "description": "Create post request for issues",
        "estimation": 7,
        "objectId": "Pqd2XkoXzE",
        "priority": "low",
        "remaining": 0,
        "spent": 8,
        "status": "in progress",
        "title": "Fourth issueqqqqqqqqqqq",
        "updatedAt": "2015-11-26T13:26:36.103Z"
    },
	{
        "assignee_id": {
            "__type": "Pointer",
            "className": "Employee",
            "objectId": "nRMGnQbYCV"
        },
        "assigneeid": "nRMGnQbYCV",
        "category_id": {
            "__type": "Pointer",
            "className": "Category",
            "objectId": "X310Lt1xdJ"
        },
        "categoryid": "X310Lt1xdJ",
        "createdAt": "2015-11-24T17:17:15.446Z",
        "creator_id": null,
        "description": "\u003ch3 id=\"markdown-header-table-of-contents\"\u003eTable of contents\u003c/h3\u003e \u003cdiv class=\"toc\"\u003e \u003cul\u003e \u003cli\u003e\u003ca href=\"http://localhost:8080/dist/#/about#markdown-header-issuetracker\"\u003eissueTracker\u003c/a\u003e\u003cul\u003e \u003cli\u003e\u003ca href=\"http://localhost:8080/dist/#/about#markdown-header-table-of-contents\"\u003eTable of contents\u003c/a\u003e\u003c/li\u003e \u003cli\u003e\u003ca href=\"http://localhost:8080/dist/#/about#markdown-header-requirements\"\u003eRequirements\u003c/a\u003e\u003c/li\u003e \u003cli\u003e\u003ca href=\"http://localhost:8080/dist/#/about#markdown-header-setup-locally\"\u003eSetup locally\u003c/a\u003e\u003cul\u003e \u003cli\u003e\u003ca href=\"http://localhost:8080/dist/#/about#markdown-header-clone-project\"\u003eClone project\u003c/a\u003e\u003c/li\u003e \u003cli\u003e\u003ca href=\"http://localhost:8080/dist/#/about#markdown-header-install-dependencies\"\u003eInstall dependencies\u003c/a\u003e\u003c/li\u003e \u003cli\u003e\u003ca href=\"http://localhost:8080/dist/#/about#markdown-header-install-grunt\"\u003eInstall Grunt\u003c/a\u003e\u003c/li\u003e \u003cli\u003e\u003ca href=\"http://localhost:8080/dist/#/about#markdown-header-install-bower\"\u003eInstall Bower\u003c/a\u003e\u003c/li\u003e \u003cli\u003e\u003ca href=\"http://localhost:8080/dist/#/about#markdown-header-install-required-plugins\"\u003eInstall required plugins\u003c/a\u003e\u003c/li\u003e \u003cli\u003e\u003ca href=\"http://localhost:8080/dist/#/about#markdown-header-configure\"\u003eConfigure\u003c/a\u003e\u003c/li\u003e \u003cli\u003e\u003ca href=\"http://localhost:8080/dist/#/about#markdown-header-launch\"\u003eLaunch\u003c/a\u003e\u003c/li\u003e \u003cli\u003e\u003ca href=\"http://localhost:8080/dist/#/about#markdown-header-build-development\"\u003eBuild \u0026amp; development\u003c/a\u003e\u003c/li\u003e \u003cli\u003e\u003ca href=\"http://localhost:8080/dist/#/about#markdown-header-testing\"\u003eTesting\u003c/a\u003e\u003c/li\u003e \u003c/ul\u003e \u003c/li\u003e \u003c/ul\u003e \u003c/li\u003e \u003c/ul\u003e \u003c/div\u003e \u003ch2 id=\"markdown-header-requirements\"\u003eRequirements\u003c/h2\u003e \u003cblockquote\u003e \u003cul\u003e \u003cli\u003e\u003ca href=\"https://github.com/angular/angular.js\" target=\"_blank\"\u003eAngular 1.4.0\u003c/a\u003e\u003c/li\u003e \u003cli\u003e\u003ca href=\"http://getbootstrap.com/\" target=\"_blank\"\u003eBootstrap 3.2.0\u003c/a\u003e\u003c/li\u003e \u003cli\u003e\u003ca href=\"https://github.com/marcorinck/angular-growl\" target=\"_blank\"\u003egrowl 0.4.0\u003c/a\u003e\u003c/li\u003e \u003cli\u003e\u003ca href=\"http://mgcrea.github.io/angular-strap/\" target=\"_blank\"\u003eAngular Strap 2.3.1\u003c/a\u003e\u003c/li\u003e \u003cli\u003e\u003ca href=\"http://fortawesome.github.io/Font-Awesome/\" target=\"_blank\"\u003eFont Awesome 4.2.0\u003c/a\u003e\u003c/li\u003e \u003cli\u003e\u003ca href=\"https://github.com/angular-ui/ui-grid\" target=\"_blank\"\u003eUI-Grid 3.0.7\u003c/a\u003e\u003c/li\u003e \u003cli\u003e\u003ca href=\"https://github.com/stevermeister/ngWig\" target=\"_blank\"\u003engWig 2.2.1\u003c/a\u003e\u003c/li\u003e \u003cli\u003e\u003ca href=\"http://jtblin.github.io/angular-chart.js/\" target=\"_blank\"\u003eAngular Chart 0.8.5\u003c/a\u003e\u003c/li\u003e \u003c/ul\u003e \u003c/blockquote\u003e \u003ch2 id=\"markdown-header-setup-locally\"\u003eSetup locally\u003c/h2\u003e \u003cp\u003eIf you want to run locally follow steps.\u003c/p\u003e \u003cblockquote\u003e \u003cp\u003e\u003cstrong\u003eRequirements:\u003c/strong\u003e\u003c/p\u003e \u003cul\u003e \u003cli\u003eGit\u003c/li\u003e \u003cli\u003eNode.js versions \u0026gt;= 0.8.0\u003c/li\u003e \u003cli\u003eGrunt\u003c/li\u003e \u003cli\u003eBower\u003c/li\u003e \u003c/ul\u003e\u003c/blockquote\u003e",
        "estimation": 58,
        "objectId": "QxPk1MUiuL",
        "priority": "medium",
        "remaining": null,
        "spent": null,
        "status": "new",
        "title": "15 Issue",
        "updatedAt": "2015-11-24T17:17:15.446Z"
    },
	{
        "assignee_id": {
            "__type": "Pointer",
            "className": "Employee",
            "objectId": "Adjs0hFWQg"
        },
        "assigneeid": "Adjs0hFWQg",
        "category_id": {
            "__type": "Pointer",
            "className": "Category",
            "objectId": "BF9vwxbpbi"
        },
        "categoryid": "BF9vwxbpbi",
        "createdAt": "2015-11-21T19:52:29.308Z",
        "creator_id": null,
        "description": "Create post request for issues\u0026nbsp;\u003cbr\u003e\u003cbr\u003e",
        "estimation": 5,
        "objectId": "Xtwd6P5W4O",
        "priority": "medium",
        "remaining": 1,
        "spent": 4,
        "status": "finished",
        "title": "First issue",
        "updatedAt": "2015-11-23T20:26:21.489Z"
    },
	{
        "assignee_id": {
            "__type": "Pointer",
            "className": "Employee",
            "objectId": "huidfrC0nS"
        },
        "assigneeid": "huidfrC0nS",
        "category_id": {
            "__type": "Pointer",
            "className": "Category",
            "objectId": "PCKKwx934E"
        },
        "categoryid": "PCKKwx934E",
        "createdAt": "2016-04-19T07:00:13.042Z",
        "creator_id": null,
        "description": "lorem ipsum",
        "estimation": 8,
        "objectId": "awt1OxU7gZ",
        "priority": "high",
        "remaining": null,
        "spent": null,
        "status": "new",
        "title": "test123",
        "updatedAt": "2016-04-19T07:00:13.042Z"
    },
	{
        "assignee_id": {
            "__type": "Pointer",
            "className": "Employee",
            "objectId": "0XgTnIoOhu"
        },
        "assigneeid": "0XgTnIoOhu",
        "category_id": {
            "__type": "Pointer",
            "className": "Category",
            "objectId": "PCKKwx934E"
        },
        "categoryid": "PCKKwx934E",
        "createdAt": "2015-11-23T23:59:32.370Z",
        "creator_id": null,
        "description": "\u003col class=\"mBottom7\" style=\"font-stretch: normal; font-size: 12px; line-height: normal; font-family: arial, 'sans serif'; letter-spacing: 1px; color: rgb(70, 130, 180); padding: 1em; margin: 1em 1em 1em 204px;\"\u003e\u003cli id=\"c14\" style=\"font-weight: bold; font-stretch: normal; font-family: georgia, serif; margin-bottom: 2em;\"\u003eFrom 2007 onwards typing\u0026nbsp;\u003ccode style=\"color: gray; font-stretch: normal !important; font-size: 14px !important; font-family: courier, 'courier new', monospace !important;\"\u003e=lorem(i)\u003c/code\u003e\u0026nbsp;or\u0026nbsp;\u003ccode style=\"color: gray; font-stretch: normal !important; font-size: 14px !important; font-family: courier, 'courier new', monospace !important;\"\u003e=lorem(i, j)\u003c/code\u003e\u0026nbsp;in MS Word creates greeking text--don't forget to hit the enter key;\u0026nbsp;\u003ccode style=\"color: gray; font-stretch: normal !important; font-size: 14px !important; font-family: courier, 'courier new', monospace !important;\"\u003ei\u003c/code\u003e\u0026nbsp;and\u0026nbsp;\u003ccode style=\"color: gray; font-stretch: normal !important; font-size: 14px !important; font-family: courier, 'courier new', monospace !important;\"\u003ej\u003c/code\u003e\u0026nbsp;need to be integers, where\u0026nbsp;\u003ccode style=\"color: gray; font-stretch: normal !important; font-size: 14px !important; font-family: courier, 'courier new', monospace !important;\"\u003ei\u003c/code\u003e\u0026nbsp;stands for the amount of desired paragraphs and\u0026nbsp;\u003ccode style=\"color: gray; font-stretch: normal !important; font-size: 14px !important; font-family: courier, 'courier new', monospace !important;\"\u003ej\u003c/code\u003enumbers the sentences per paragraph.\u0026nbsp;\u003ccode style=\"color: gray; font-stretch: normal !important; font-size: 14px !important; font-family: courier, 'courier new', monospace !important;\"\u003ej\u003c/code\u003e\u0026nbsp;has a default value of 3 and a maximum set to 6665. \u0026gt;\u0026gt;\u0026nbsp;\u003ca href=\"http://generator.lorem-ipsum.info/lorem-ipsum-plug-ins\" target=\"_blank\" style=\"font-stretch: normal; color: rgb(70, 130, 180); border-bottom-width: 2px; border-bottom-color: rgb(70, 130, 180); border-style: none !important; background-image: initial !important; background-attachment: initial !important; background-size: initial !important; background-origin: initial !important; background-clip: initial !important; background-position: initial !important; background-repeat: initial !important;\"\u003escreenshots\u003c/a\u003e\u003c/li\u003e\u003cli id=\"c15\" style=\"font-weight: bold; font-stretch: normal; font-family: georgia, serif; margin-bottom: 2em;\"\u003eFor notepad++, a Windows text editor, the\u0026nbsp;\u003ci style=\"font-stretch: normal;\"\u003eInsertLoremIpsumNppPlugin\u003c/i\u003ecan be downloaded at\u0026nbsp;\u003ca title=\"twenfour.com\" rel=\"twenfour.com\" href=\"http://twenfour.com/opensource/InsertLoremIpsum/InsertLoremIpsumNppPlugin_Unicode_release.zip\" style=\"font-stretch: normal; color: rgb(70, 130, 180); border-bottom-width: 2px; border-bottom-color: rgb(70, 130, 180); cursor: pointer; border-style: none !important; background-image: initial !important; background-attachment: initial !important; background-size: initial !important; background-origin: initial !important; background-clip: initial !important; background-position: initial !important; background-repeat: initial !important;\"\u003etwenfour.com\u003c/a\u003e. It generates and inserts Lorem Ipsum, either as words, sentences, or paragraphs. The installation requires to copy the file\u0026nbsp;\u003ci style=\"font-stretch: normal;\"\u003eInsertLoremIpsumNppPlugin.dll\u003c/i\u003e\u0026nbsp;and the Config directory (both are contained in the zip file) to the \"plugins\" subdirectory of the Notepad++ installation directory. Afterwards, a new option \"InsertLoremIpsum\" will show in the \"plugin\" menu entry. A restart may be required. \u0026gt;\u0026gt;\u0026nbsp;\u003ca href=\"http://generator.lorem-ipsum.info/lorem-ipsum-plug-ins\" target=\"_blank\" style=\"font-stretch: normal; color: rgb(70, 130, 180); border-bottom-width: 2px; border-bottom-color: rgb(70, 130, 180); border-style: none !important; background-image: initial !important; background-attachment: initial !important; background-size: initial !important; background-origin: initial !important; background-clip: initial !important; background-position: initial !important; background-repeat: initial !important;\"\u003escreenshots\u003c/a\u003e\u003c/li\u003e\u003c/ol\u003e",
        "estimation": 12,
        "objectId": "eV1sI8Iqds",
        "priority": "high",
        "remaining": 11,
        "spent": 1,
        "status": "finished",
        "title": "9 Issue",
        "updatedAt": "2015-11-24T00:03:21.193Z"
    },
	{
        "assignee_id": {
            "__type": "Pointer",
            "className": "Employee",
            "objectId": "nRMGnQbYCV"
        },
        "assigneeid": "nRMGnQbYCV",
        "category_id": {
            "__type": "Pointer",
            "className": "Category",
            "objectId": "VsSkgspocE"
        },
        "categoryid": "VsSkgspocE",
        "createdAt": "2015-11-22T22:06:54.119Z",
        "creator_id": null,
        "description": "\u003cstrong\u003eLorem Ipsum\u003c/strong\u003e is simply dummy text of the printing and \ntypesetting industry. Lorem Ipsum has been the industry's standard dummy\n text ever since the 1500s, when an unknown printer took a galley of \ntype and scrambled it to make a type specimen book. It has survived not \nonly five centuries, but also the leap into electronic typesetting, \nremaining essentially unchanged. It was popularised in the 1960s with \nthe release of Letraset sheets containing Lorem Ipsum passages, and more\n recently with desktop publishing software like Aldus PageMaker \nincluding versions of Lorem Ipsum\u003cbr\u003e\u003ci\u003eweqeqeqw\u003c/i\u003e",
        "estimation": 3,
        "objectId": "ijCJ5ccz2w",
        "priority": "high",
        "remaining": 0,
        "spent": 7,
        "status": "finished",
        "title": "7 issue",
        "updatedAt": "2015-11-24T08:39:56.971Z"
    },
	{
        "assignee_id": {
            "__type": "Pointer",
            "className": "Employee",
            "objectId": "huidfrC0nS"
        },
        "assigneeid": "huidfrC0nS",
        "category_id": {
            "__type": "Pointer",
            "className": "Category",
            "objectId": "BF9vwxbpbi"
        },
        "categoryid": "BF9vwxbpbi",
        "createdAt": "2015-11-26T13:25:13.730Z",
        "creator_id": null,
        "description": "xczc",
        "estimation": 5,
        "objectId": "lNNomGVOl4",
        "priority": "high",
        "remaining": null,
        "spent": null,
        "status": "new",
        "title": "xcxz",
        "updatedAt": "2015-11-26T13:25:13.730Z"
    },
	{
        "assignee_id": {
            "__type": "Pointer",
            "className": "Employee",
            "objectId": "Adjs0hFWQg"
        },
        "assigneeid": "Adjs0hFWQg",
        "category_id": {
            "__type": "Pointer",
            "className": "Category",
            "objectId": "X310Lt1xdJ"
        },
        "categoryid": "X310Lt1xdJ",
        "createdAt": "2015-11-24T00:00:28.444Z",
        "creator_id": null,
        "description": "\u003ch1 style=\"line-height: normal; font-family: arial, 'sans serif'; letter-spacing: 1px; color: rgb(70, 130, 180); margin-top: 60px; margin-bottom: 0px; padding: 1em; font-weight: bold !important; font-stretch: normal !important; font-size: 12px !important;\"\u003eLorem ipsum: etymology and pronunciation\u003c/h1\u003e\u003cp style=\"font-stretch: normal; font-size: 12px; line-height: normal; font-family: arial, 'sans serif'; letter-spacing: 1px; color: rgb(70, 130, 180); text-indent: 0.2em;\"\u003eThe phrase is truncated from Latin\u0026nbsp;\u003ci style=\"font-weight: bold; font-stretch: normal; font-family: georgia, serif;\"\u003edo\u003c/i\u003e‌\u003ci style=\"font-weight: bold; font-stretch: normal; font-family: georgia, serif;\"\u003elorem\u003c/i\u003e\u0026nbsp;(pain) and\u0026nbsp;\u003ci style=\"font-weight: bold; font-stretch: normal; font-family: georgia, serif;\"\u003eipsum\u003c/i\u003e\u0026nbsp;(itself). Pronunciation for lorem ipsum is\u0026nbsp;\u003cb style=\"font-stretch: normal; font-family: georgia, serif; font-style: italic !important;\"\u003eˌlɔː.ɹəm ˈɪp.səm\u003c/b\u003e. An audio file for lorem ipsum is at wikimedia.\u003c/p\u003e",
        "estimation": 4,
        "objectId": "opgWiGyJ6k",
        "priority": "high",
        "remaining": null,
        "spent": null,
        "status": "new",
        "title": "10 Issue",
        "updatedAt": "2015-11-24T00:00:28.444Z"
    },
	{
        "assignee_id": {
            "__type": "Pointer",
            "className": "Employee",
            "objectId": "nRMGnQbYCV"
        },
        "assigneeid": "nRMGnQbYCV",
        "category_id": {
            "__type": "Pointer",
            "className": "Category",
            "objectId": "VsSkgspocE"
        },
        "categoryid": "VsSkgspocE",
        "createdAt": "2015-11-24T08:43:03.940Z",
        "creator_id": null,
        "description": "456456456456",
        "estimation": 12,
        "objectId": "qWj7TRzwnL",
        "priority": "high",
        "remaining": 7,
        "spent": 5,
        "status": "finished",
        "title": "2111",
        "updatedAt": "2015-11-24T08:44:04.421Z"
    },
	{
        "assignee_id": {
            "__type": "Pointer",
            "className": "Employee",
            "objectId": "Adjs0hFWQg"
        },
        "assigneeid": "Adjs0hFWQg",
        "category_id": {
            "__type": "Pointer",
            "className": "Category",
            "objectId": "BF9vwxbpbi"
        },
        "categoryid": "BF9vwxbpbi",
        "createdAt": "2015-11-19T22:49:24.161Z",
        "creator_id": null,
        "description": "Create post request for issues",
        "estimation": 7,
        "objectId": "rfhoqj39oD",
        "priority": "high",
        "remaining": 0,
        "spent": 7,
        "status": "finished",
        "title": "Third issue",
        "updatedAt": "2015-11-22T21:37:40.994Z"
    },
	{
        "assignee_id": {
            "__type": "Pointer",
            "className": "Employee",
            "objectId": "Adjs0hFWQg"
        },
        "assigneeid": "Adjs0hFWQg",
        "category_id": {
            "__type": "Pointer",
            "className": "Category",
            "objectId": "PCKKwx934E"
        },
        "categoryid": "PCKKwx934E",
        "createdAt": "2015-11-24T08:41:42.572Z",
        "creator_id": null,
        "description": "fsdf",
        "estimation": 5,
        "objectId": "tqVLdlWO8f",
        "priority": "medium",
        "remaining": null,
        "spent": null,
        "status": "new",
        "title": "12 Issue",
        "updatedAt": "2015-11-24T08:41:42.572Z"
    },
	{
        "assignee_id": {
            "__type": "Pointer",
            "className": "Employee",
            "objectId": "IEM0bYWvrV"
        },
        "assigneeid": "IEM0bYWvrV",
        "category_id": {
            "__type": "Pointer",
            "className": "Category",
            "objectId": "X310Lt1xdJ"
        },
        "categoryid": "X310Lt1xdJ",
        "createdAt": "2015-11-24T17:20:14.282Z",
        "creator_id": null,
        "description": "\u003cdiv class=\"ui_empty_caption\" style=\"box-sizing: inherit; margin: 18px; padding: 0px; border: 0px; font-stretch: inherit; line-height: 47px; font-family: 'Helvetica Neue', Helvetica, 'Myriad Pro', 'Lucida Grande', sans-serif; font-size: 42px; vertical-align: baseline; letter-spacing: -0.5px; color: rgb(58, 58, 64); text-align: center;\"\u003eYou haven't deployed any files yet\u003c/div\u003e\u003cp style=\"box-sizing: inherit; margin-bottom: 1em; padding: 0px; border: 0px; font-stretch: inherit; line-height: 1.3em; font-family: 'Helvetica Neue', Helvetica, 'Myriad Pro', 'Lucida Grande', sans-serif; font-size: 16px; vertical-align: baseline; color: rgb(176, 184, 191); text-align: center;\"\u003eWhen you deploy your cloud code, you'll be able to see your files here.\u003c/p\u003e",
        "estimation": 46,
        "objectId": "xkvC4rMqiR",
        "priority": "low",
        "remaining": 41,
        "spent": 5,
        "status": "finished",
        "title": "16 Issue",
        "updatedAt": "2015-11-24T17:20:25.627Z"
    },
	{
        "assignee_id": {
            "__type": "Pointer",
            "className": "Employee",
            "objectId": "huidfrC0nS"
        },
        "assigneeid": "huidfrC0nS",
        "category_id": {
            "__type": "Pointer",
            "className": "Category",
            "objectId": "X310Lt1xdJ"
        },
        "categoryid": "X310Lt1xdJ",
        "createdAt": "2015-11-26T11:32:59.721Z",
        "creator_id": null,
        "description": "test",
        "estimation": 34,
        "objectId": "zQ1hAxJoEb",
        "priority": "high",
        "remaining": 12,
        "spent": 22,
        "status": "finished",
        "title": "test",
        "updatedAt": "2015-11-26T11:33:46.073Z"
    },
	{
        "assignee_id": {
            "__type": "Pointer",
            "className": "Employee",
            "objectId": "w4wUNuQa4y"
        },
        "assigneeid": "w4wUNuQa4y",
        "category_id": {
            "__type": "Pointer",
            "className": "Category",
            "objectId": "X310Lt1xdJ"
        },
        "categoryid": "X310Lt1xdJ",
        "createdAt": "2015-11-22T22:08:20.941Z",
        "creator_id": null,
        "description": "\u003cstrong\u003eLorem Ipsum\u003c/strong\u003e is simply dummy text of the printing and \ntypesetting industry. Lorem Ipsum has been the industry's standard dummy\n text ever since the 1500s, when an unknown printer took a galley of \ntype and scrambled it to make a type specimen book. It has survived not \nonly five centuries, but also the leap into electronic typesetting, \nremaining essentially unchanged. It was popularised in the 1960s with \nthe release of Letraset sheets containing Lorem Ipsum passages, and more\n recently with desktop publishing software like Aldus PageMaker \nincluding versions of Lorem Ipsum.\u003cbr\u003e\u003cstrong\u003eTranslations:\u003c/strong\u003e Can you help translate this site into a foreign language ? Please email us with details if you can help.\u003cbr\u003e\u003ch4\u003e\"Neque porro quisquam est qui dolorem ipsum quia dolor sit amet, consectetur, adipisci velit...\"\u003c/h4\u003e\n\u003ch5\u003e\"There is no one who loves pain itself, who seeks after it and wants to have it, simply because it is pain...\"\u003c/h5\u003e",
        "estimation": 7,
        "objectId": "zeCcA6WdfY",
        "priority": "high",
        "remaining": 5,
        "spent": 2,
        "status": "in progress",
        "title": "8 issue",
        "updatedAt": "2015-11-24T17:18:45.983Z"
    }
] }