{ "results": [
	{
        "category_id": {
            "__type": "Pointer",
            "className": "Category",
            "objectId": "VsSkgspocE"
        },
        "createdAt": "2015-11-19T22:22:08.286Z",
        "objectId": "3HaXGnB5sQ",
        "proba_2_id": {
            "__type": "Pointer",
            "className": "Proba",
            "objectId": "6mmNOSUr4V"
        },
        "updatedAt": "2015-11-19T22:22:08.286Z"
    },
	{
        "category_id": {
            "__type": "Pointer",
            "className": "Category",
            "objectId": "456"
        },
        "createdAt": "2015-11-19T22:27:30.147Z",
        "objectId": "EZ9S28CzGA",
        "proba_2_id": {
            "__type": "Pointer",
            "className": "Proba",
            "objectId": "123"
        },
        "updatedAt": "2015-11-19T22:27:30.147Z"
    }
] }